facility	kanja_id	yakuzai	kaibi	syubi
120000001	A0002	乾燥ＢＣＧ膀胱内用	20191220	20191220
120000001	A0004	乾燥ＢＣＧ膀胱内用	20171113	20171113
120000001	A0005	乾燥ＢＣＧ膀胱内用	20200120	20200120
120000001	A0007	乾燥ＢＣＧ膀胱内用	20180619	20180619
120000001	A0007	膀胱悪性腫瘍手術（経尿道的手術）	20200214	20200214
120000001	A0007	膀胱悪性腫瘍手術（経尿道的手術）	20201020	20201020
120000001	A0007	ドキソルビシン塩酸塩	20201020	20201020
