<?xml version="1.0" encoding="UTF-8"?>
<java version="1.8.0_192" class="java.beans.XMLDecoder">
 <object class="jp.co.ntt.lab.seg.imh.config.Configuration" id="Configuration0">
  <void property="configDataList">
   <void method="add">
    <object class="jp.co.ntt.lab.seg.imh.config.ConfigData">
     <void property="columnList">
      <array class="int" length="1"/>
     </void>
     <void property="method">
      <object class="jp.co.ntt.lab.seg.imh.method.filter.FilterExecute">
       <void property="filterList">
        <array class="jp.co.ntt.lab.seg.imh.filter.Filter" length="1">
         <void index="0">
          <object class="jp.co.ntt.lab.seg.imh.filter.DistinctFilter"/>
         </void>
        </array>
       </void>
       <void property="method">
        <object class="jp.co.ntt.lab.seg.imh.method.hash.HashID">
         <void property="iterationCount">
          <int>1000</int>
         </void>
         <void property="salt">
          <string>82039EA2C1DF10E79D960B8EF047971D0B50650C93E309C32EBE5BD4D025CDC8</string>
         </void>
         <void property="targetColumns">
          <array class="int" length="1"/>
         </void>
        </object>
       </void>
      </object>
     </void>
    </object>
   </void>
   <void method="add">
    <object class="jp.co.ntt.lab.seg.imh.config.ConfigData">
     <void property="columnList">
      <array class="int" length="1">
       <void index="0">
        <int>1</int>
       </void>
      </array>
     </void>
     <void property="method">
      <object class="jp.co.ntt.lab.seg.imh.method.filter.FilterExecute">
       <void property="filterList">
        <array class="jp.co.ntt.lab.seg.imh.filter.Filter" length="1">
         <void index="0">
          <object class="jp.co.ntt.lab.seg.imh.filter.DistinctFilter"/>
         </void>
        </array>
       </void>
       <void property="method">
        <object class="jp.co.ntt.lab.seg.imh.method.generalization.NumericGeneralization">
         <void property="filename">
          <string>NormalMode_age.xml</string>
         </void>
         <void property="up">
          <int>1</int>
         </void>
        </object>
       </void>
      </object>
     </void>
    </object>
   </void>
   <void method="add">
    <object class="jp.co.ntt.lab.seg.imh.config.ConfigData">
     <void property="columnList">
      <array class="int" length="2">
       <void index="0">
        <int>1</int>
       </void>
       <void index="1">
        <int>2</int>
       </void>
      </array>
     </void>
     <void property="method">
      <object class="jp.co.ntt.lab.seg.imh.method.filter.FilterExecute">
       <void property="filterList">
        <array class="jp.co.ntt.lab.seg.imh.filter.Filter" length="1">
         <void index="0">
          <object class="jp.co.ntt.lab.seg.imh.filter.DistinctFilter"/>
         </void>
        </array>
       </void>
       <void property="method">
        <object class="jp.co.ntt.lab.seg.imh.method.anonymity.DeleteKAnonymity">
         <void property="k">
          <int>3</int>
         </void>
         <void property="recordDeleteFlag">
          <boolean>true</boolean>
         </void>
        </object>
       </void>
      </object>
     </void>
    </object>
   </void>
   <void method="add">
    <object class="jp.co.ntt.lab.seg.imh.config.ConfigData">
     <void property="columnList">
      <array class="int" length="1">
       <void index="0">
        <int>5</int>
       </void>
      </array>
     </void>
     <void property="method">
      <object class="jp.co.ntt.lab.seg.imh.method.generalization.StringGeneralization">
       <void property="filename">
        <string>NormalMode_medicine_name.xml</string>
       </void>
       <void property="up">
        <int>2</int>
       </void>
      </object>
     </void>
    </object>
   </void>
   <void method="add">
    <object class="jp.co.ntt.lab.seg.imh.config.ConfigData">
     <void property="columnList">
      <array class="int" length="1">
       <void index="0">
        <int>3</int>
       </void>
      </array>
     </void>
     <void property="method">
      <object class="jp.co.ntt.lab.seg.imh.method.generalization.DateGeneralization">
       <void property="filename">
        <string>yyyy/MM/dd
yyyy/MM</string>
       </void>
       <void property="up">
        <int>1</int>
       </void>
      </object>
     </void>
    </object>
   </void>
   <void method="add">
    <object class="jp.co.ntt.lab.seg.imh.config.ConfigData">
     <void property="columnList">
      <array class="int" length="1">
       <void index="0">
        <int>6</int>
       </void>
      </array>
     </void>
     <void property="method">
      <object class="jp.co.ntt.lab.seg.imh.method.generalization.DateGeneralization">
       <void property="filename">
        <string>yyyy/MM/dd
yyyy/MM</string>
       </void>
       <void property="up">
        <int>1</int>
       </void>
      </object>
     </void>
    </object>
   </void>
   <void method="add">
    <object class="jp.co.ntt.lab.seg.imh.config.ConfigData">
     <void property="columnList">
      <array class="int" length="1">
       <void index="0">
        <int>7</int>
       </void>
      </array>
     </void>
     <void property="method">
      <object class="jp.co.ntt.lab.seg.imh.method.generalization.DateGeneralization">
       <void property="filename">
        <string>yyyy/MM/dd
yyyy/MM</string>
       </void>
       <void property="up">
        <int>1</int>
       </void>
      </object>
     </void>
    </object>
   </void>
   <void method="add">
    <object class="jp.co.ntt.lab.seg.imh.config.ConfigData">
     <void property="columnList">
      <array class="int" length="1">
       <void index="0">
        <int>16</int>
       </void>
      </array>
     </void>
     <void property="method">
      <object class="jp.co.ntt.lab.seg.imh.method.generalization.DateGeneralization">
       <void property="filename">
        <string>yyyy/MM/dd
yyyy/MM</string>
       </void>
       <void property="up">
        <int>1</int>
       </void>
      </object>
     </void>
    </object>
   </void>
   <void method="add">
    <object class="jp.co.ntt.lab.seg.imh.config.ConfigData">
     <void property="columnList">
      <array class="int" length="2">
       <void index="0">
        <int>8</int>
       </void>
       <void index="1">
        <int>9</int>
       </void>
      </array>
     </void>
     <void property="method">
      <object class="jp.co.ntt.lab.seg.imh.method.filter.FilterExecute">
       <void property="filterList">
        <array class="jp.co.ntt.lab.seg.imh.filter.Filter" length="1">
         <void index="0">
          <object class="jp.co.ntt.lab.seg.imh.filter.NumberAssignFilter">
           <void property="filter">
            <array class="int" length="10">
             <void index="0">
              <int>12</int>
             </void>
             <void index="1">
              <int>158</int>
             </void>
             <void index="2">
              <int>340</int>
             </void>
             <void index="3">
              <int>425</int>
             </void>
             <void index="4">
              <int>498</int>
             </void>
             <void index="5">
              <int>612</int>
             </void>
             <void index="6">
              <int>689</int>
             </void>
             <void index="7">
              <int>794</int>
             </void>
             <void index="8">
              <int>882</int>
             </void>
             <void index="9">
              <int>955</int>
             </void>
            </array>
           </void>
          </object>
         </void>
        </array>
       </void>
       <void property="method">
        <object class="jp.co.ntt.lab.seg.imh.method.operation.DeleteCells"/>
       </void>
      </object>
     </void>
    </object>
   </void>
   <void method="add">
    <object class="jp.co.ntt.lab.seg.imh.config.ConfigData">
     <void property="columnList">
      <array class="int" length="1">
       <void index="0">
        <int>10</int>
       </void>
      </array>
     </void>
     <void property="method">
      <object class="jp.co.ntt.lab.seg.imh.method.operation.DeleteColumns"/>
     </void>
    </object>
   </void>
   <void method="add">
    <object class="jp.co.ntt.lab.seg.imh.config.ConfigData">
     <void property="columnList">
      <array class="int" length="1">
       <void index="0">
        <int>4</int>
       </void>
      </array>
     </void>
     <void property="method">
      <object class="jp.co.ntt.lab.seg.imh.method.operation.RetainColumns"/>
     </void>
    </object>
   </void>
   <void method="add">
    <object class="jp.co.ntt.lab.seg.imh.config.ConfigData">
     <void property="columnList">
      <array class="int" length="1">
       <void index="0">
        <int>11</int>
       </void>
      </array>
     </void>
     <void property="method">
      <object class="jp.co.ntt.lab.seg.imh.method.coding.TopCoding">
       <void property="threshold">
        <int>10</int>
       </void>
      </object>
     </void>
    </object>
   </void>
   <void method="add">
    <object class="jp.co.ntt.lab.seg.imh.config.ConfigData">
     <void property="columnList">
      <array class="int" length="1">
       <void index="0">
        <int>12</int>
       </void>
      </array>
     </void>
     <void property="method">
      <object class="jp.co.ntt.lab.seg.imh.method.coding.TopCoding">
       <void property="threshold">
        <int>10</int>
       </void>
      </object>
     </void>
    </object>
   </void>
   <void method="add">
    <object class="jp.co.ntt.lab.seg.imh.config.ConfigData">
     <void property="columnList">
      <array class="int" length="1">
       <void index="0">
        <int>13</int>
       </void>
      </array>
     </void>
     <void property="method">
      <object class="jp.co.ntt.lab.seg.imh.method.coding.TopCoding">
       <void property="threshold">
        <int>10</int>
       </void>
      </object>
     </void>
    </object>
   </void>
   <void method="add">
    <object class="jp.co.ntt.lab.seg.imh.config.ConfigData">
     <void property="columnList">
      <array class="int" length="1">
       <void index="0">
        <int>14</int>
       </void>
      </array>
     </void>
     <void property="method">
      <object class="jp.co.ntt.lab.seg.imh.method.coding.TopCoding">
       <void property="threshold">
        <int>10</int>
       </void>
      </object>
     </void>
    </object>
   </void>
   <void method="add">
    <object class="jp.co.ntt.lab.seg.imh.config.ConfigData">
     <void property="columnList">
      <array class="int" length="1">
       <void index="0">
        <int>15</int>
       </void>
      </array>
     </void>
     <void property="method">
      <object class="jp.co.ntt.lab.seg.imh.method.operation.RetainColumns"/>
     </void>
    </object>
   </void>
  </void>
  <void property="type">
   <array class="int" length="17">
    <void index="0">
     <int>1</int>
    </void>
    <void index="1">
     <int>2</int>
    </void>
    <void index="2">
     <int>1</int>
    </void>
    <void index="3">
     <int>4</int>
    </void>
    <void index="4">
     <int>2</int>
    </void>
    <void index="5">
     <int>1</int>
    </void>
    <void index="6">
     <int>4</int>
    </void>
    <void index="7">
     <int>4</int>
    </void>
    <void index="8">
     <int>3</int>
    </void>
    <void index="9">
     <int>3</int>
    </void>
    <void index="10">
     <int>3</int>
    </void>
    <void index="11">
     <int>3</int>
    </void>
    <void index="12">
     <int>3</int>
    </void>
    <void index="13">
     <int>3</int>
    </void>
    <void index="14">
     <int>3</int>
    </void>
    <void index="15">
     <int>1</int>
    </void>
    <void index="16">
     <int>4</int>
    </void>
   </array>
  </void>
 </object>
</java>
