ProductName,TotalQuantity,AvailableQuantity,VersionHighLimit,VersionLowLimit,FeatureName,LicenseModel,UserLimit,EndDate,Include,AutoRevoke
P_TMS,1,1,7.1.9,,F_VMS_RUN,L_OFFLINE,1,2500-12-31 00:00,INCLUDED,
P_TMS,1,1,7.1.9,,F_TMS,L_OFFLINE,1,2500-12-31 00:00,INCLUDED,
P_TMS,1,1,7.1.9,,F_DPL_RUN,L_OFFLINE,1,2500-12-31 00:00,INCLUDED,
P_TMS,1,1,7.1.9,,F_TMS_VAP,L_OFFLINE,1,2500-12-31 00:00,INCLUDED,
P_TMS,1,1,7.1.9,,F_TXS,L_OFFLINE,1,2500-12-31 00:00,INCLUDED,
P_TMS,1,1,7.1.9,,F_TXE,L_OFFLINE,1,2500-12-31 00:00,INCLUDED,
P_TMS,1,1,7.1.9,,F_TXV,L_OFFLINE,1,2500-12-31 00:00,INCLUDED,
P_TMS,1,1,7.1.9,,F_TXC,L_LEASE,1,2500-12-31 00:00,EXCLUDED,
P_TMS,1,1,7.1.9,,F_TMS_RUN,L_LEASE,1,2500-12-31 00:00,EXCLUDED,
