<?xml version="1.0" encoding="UTF-8"?>
<java version="1.8.0_192" class="java.beans.XMLDecoder">
 <object class="jp.co.ntt.lab.seg.imh.config.Configuration" id="Configuration0">
  <void property="configDataList">
   <void method="add">
    <object class="jp.co.ntt.lab.seg.imh.config.ConfigData">
     <void property="columnList">
      <array class="int" length="2">
       <void index="0">
        <int>7</int>
       </void>
       <void index="1">
        <int>8</int>
       </void>
      </array>
     </void>
     <void property="method">
      <object class="jp.co.ntt.lab.seg.imh.method.filter.FilterExecute">
       <void property="filterList">
        <array class="jp.co.ntt.lab.seg.imh.filter.Filter" length="1">
         <void index="0">
          <object class="jp.co.ntt.lab.seg.imh.filter.ConditionFilter">
           <void property="conditionObjectList">
            <object class="java.util.ArrayList">
             <void method="add">
              <object class="jp.co.ntt.lab.seg.imh.filter.condition.ConditionData" id="ConditionData0">
               <void property="columnIndex">
                <array class="int" length="1">
                 <void index="0">
                  <int>3</int>
                 </void>
                </array>
               </void>
               <void property="comparison">
                <object class="jp.co.ntt.lab.seg.imh.filter.comparison.StringEquals">
                 <void property="equalValue">
                  <string>ジェブタナ点滴静注６０ｍｇ　１．５ｍＬ（溶解液付）</string>
                 </void>
                </object>
               </void>
              </object>
             </void>
             <void method="add">
              <object class="jp.co.ntt.lab.seg.imh.filter.condition.ConditionData" id="ConditionData1">
               <void property="columnIndex">
                <array class="int" length="1">
                 <void index="0">
                  <int>6</int>
                 </void>
                </array>
               </void>
               <void property="comparison">
                <object class="jp.co.ntt.lab.seg.imh.filter.comparison.DoubleEquals">
                 <void property="equalValue">
                  <double>1000.0</double>
                 </void>
                </object>
               </void>
              </object>
             </void>
             <void method="add">
              <object class="java.lang.Enum" id="SetsOperator0" method="valueOf">
               <class>jp.co.ntt.lab.seg.imh.filter.condition.SetsOperator</class>
               <string>AND</string>
              </object>
             </void>
             <void method="add">
              <object class="jp.co.ntt.lab.seg.imh.filter.condition.ConditionData" id="ConditionData2">
               <void property="columnIndex">
                <array class="int" length="1">
                 <void index="0">
                  <int>3</int>
                 </void>
                </array>
               </void>
               <void property="comparison">
                <object class="jp.co.ntt.lab.seg.imh.filter.comparison.StringEquals">
                 <void property="equalValue">
                  <string>イクスタンジカプセル４０ｍｇ</string>
                 </void>
                </object>
               </void>
              </object>
             </void>
             <void method="add">
              <object class="jp.co.ntt.lab.seg.imh.filter.condition.ConditionData" id="ConditionData3">
               <void property="columnIndex">
                <array class="int" length="1">
                 <void index="0">
                  <int>6</int>
                 </void>
                </array>
               </void>
               <void property="comparison">
                <object class="jp.co.ntt.lab.seg.imh.filter.comparison.DoubleEquals">
                 <void property="equalValue">
                  <double>616.0</double>
                 </void>
                </object>
               </void>
              </object>
             </void>
             <void method="add">
              <object idref="SetsOperator0"/>
             </void>
             <void method="add">
              <object class="java.lang.Enum" id="SetsOperator1" method="valueOf">
               <class>jp.co.ntt.lab.seg.imh.filter.condition.SetsOperator</class>
               <string>OR</string>
              </object>
             </void>
            </object>
           </void>
           <void property="readingConditionObjectList">
            <object class="java.util.ArrayList">
             <void method="add">
              <object class="jp.co.ntt.lab.seg.imh.filter.LightBracket"/>
             </void>
             <void method="add">
              <object idref="ConditionData0"/>
             </void>
             <void method="add">
              <object idref="SetsOperator0"/>
             </void>
             <void method="add">
              <object idref="ConditionData1"/>
             </void>
             <void method="add">
              <object class="jp.co.ntt.lab.seg.imh.filter.RightBracket"/>
             </void>
             <void method="add">
              <object idref="SetsOperator1"/>
             </void>
             <void method="add">
              <object class="jp.co.ntt.lab.seg.imh.filter.LightBracket"/>
             </void>
             <void method="add">
              <object idref="ConditionData2"/>
             </void>
             <void method="add">
              <object idref="SetsOperator0"/>
             </void>
             <void method="add">
              <object idref="ConditionData3"/>
             </void>
             <void method="add">
              <object class="jp.co.ntt.lab.seg.imh.filter.RightBracket"/>
             </void>
            </object>
           </void>
          </object>
         </void>
        </array>
       </void>
       <void property="method">
        <object class="jp.co.ntt.lab.seg.imh.method.operation.DeleteCells"/>
       </void>
      </object>
     </void>
    </object>
   </void>
   <void method="add">
    <object class="jp.co.ntt.lab.seg.imh.config.ConfigData">
     <void property="columnList">
      <array class="int" length="1"/>
     </void>
     <void property="method">
      <object class="jp.co.ntt.lab.seg.imh.method.hash.HashID">
       <void property="iterationCount">
        <int>1000</int>
       </void>
       <void property="targetColumns">
        <array class="int" length="1"/>
       </void>
      </object>
     </void>
    </object>
   </void>
   <void method="add">
    <object class="jp.co.ntt.lab.seg.imh.config.ConfigData">
     <void property="columnList">
      <array class="int" length="1">
       <void index="0">
        <int>1</int>
       </void>
      </array>
     </void>
     <void property="method">
      <object class="jp.co.ntt.lab.seg.imh.method.generalization.NumericGeneralization">
       <void property="filename">
        <string>NormalMode_age.xml</string>
       </void>
       <void property="up">
        <int>2</int>
       </void>
      </object>
     </void>
    </object>
   </void>
   <void method="add">
    <object class="jp.co.ntt.lab.seg.imh.config.ConfigData">
     <void property="columnList">
      <array class="int" length="2">
       <void index="0">
        <int>1</int>
       </void>
       <void index="1">
        <int>2</int>
       </void>
      </array>
     </void>
     <void property="method">
      <object class="jp.co.ntt.lab.seg.imh.method.anonymity.DeleteKAnonymity">
       <void property="deleteNum">
        <int>2</int>
       </void>
       <void property="k">
        <int>3</int>
       </void>
       <void property="recordDeleteFlag">
        <boolean>true</boolean>
       </void>
      </object>
     </void>
    </object>
   </void>
   <void method="add">
    <object class="jp.co.ntt.lab.seg.imh.config.ConfigData">
     <void property="columnList">
      <array class="int" length="1">
       <void index="0">
        <int>3</int>
       </void>
      </array>
     </void>
     <void property="method">
      <object class="jp.co.ntt.lab.seg.imh.method.generalization.StringGeneralization">
       <void property="filename">
        <string>NormalMode_drugname.xml</string>
       </void>
       <void property="up">
        <int>1</int>
       </void>
      </object>
     </void>
    </object>
   </void>
   <void method="add">
    <object class="jp.co.ntt.lab.seg.imh.config.ConfigData">
     <void property="columnList">
      <array class="int" length="2">
       <void index="0">
        <int>4</int>
       </void>
       <void index="1">
        <int>10</int>
       </void>
      </array>
     </void>
     <void property="method">
      <object class="jp.co.ntt.lab.seg.imh.method.addon.FixedOrderDateUniShift">
       <void property="parameter">
        <object class="java.util.ArrayList">
         <void method="add">
          <string>mode=2</string>
         </void>
         <void method="add">
          <string>format=YYYYMMdd</string>
         </void>
         <void method="add">
          <string>category=2</string>
         </void>
         <void method="add">
          <string>lower=</string>
         </void>
         <void method="add">
          <string>upper=</string>
         </void>
         <void method="add">
          <string>seed=</string>
         </void>
        </object>
       </void>
      </object>
     </void>
    </object>
   </void>
   <void method="add">
    <object class="jp.co.ntt.lab.seg.imh.config.ConfigData">
     <void property="columnList">
      <array class="int" length="1">
       <void index="0">
        <int>5</int>
       </void>
      </array>
     </void>
     <void property="method">
      <object class="jp.co.ntt.lab.seg.imh.method.operation.RetainColumns" id="RetainColumns0"/>
     </void>
    </object>
   </void>
   <void method="add">
    <object class="jp.co.ntt.lab.seg.imh.config.ConfigData">
     <void property="columnList">
      <array class="int" length="1">
       <void index="0">
        <int>7</int>
       </void>
      </array>
     </void>
     <void property="method">
      <object idref="RetainColumns0"/>
     </void>
    </object>
   </void>
   <void method="add">
    <object class="jp.co.ntt.lab.seg.imh.config.ConfigData">
     <void property="columnList">
      <array class="int" length="1">
       <void index="0">
        <int>8</int>
       </void>
      </array>
     </void>
     <void property="method">
      <object idref="RetainColumns0"/>
     </void>
    </object>
   </void>
   <void method="add">
    <object class="jp.co.ntt.lab.seg.imh.config.ConfigData">
     <void property="columnList">
      <array class="int" length="1">
       <void index="0">
        <int>9</int>
       </void>
      </array>
     </void>
     <void property="method">
      <object idref="RetainColumns0"/>
     </void>
    </object>
   </void>
   <void method="add">
    <object class="jp.co.ntt.lab.seg.imh.config.ConfigData">
     <void property="columnList">
      <array class="int" length="1">
       <void index="0">
        <int>11</int>
       </void>
      </array>
     </void>
     <void property="method">
      <object idref="RetainColumns0"/>
     </void>
    </object>
   </void>
   <void method="add">
    <object class="jp.co.ntt.lab.seg.imh.config.ConfigData">
     <void property="columnList">
      <array class="int" length="1">
       <void index="0">
        <int>6</int>
       </void>
      </array>
     </void>
     <void property="method">
      <object class="jp.co.ntt.lab.seg.imh.method.operation.DeleteColumns"/>
     </void>
    </object>
   </void>
  </void>
  <void property="type">
   <array class="int" length="12">
    <void index="0">
     <int>1</int>
    </void>
    <void index="1">
     <int>2</int>
    </void>
    <void index="2">
     <int>1</int>
    </void>
    <void index="3">
     <int>1</int>
    </void>
    <void index="4">
     <int>4</int>
    </void>
    <void index="5">
     <int>2</int>
    </void>
    <void index="6">
     <int>3</int>
    </void>
    <void index="7">
     <int>2</int>
    </void>
    <void index="8">
     <int>2</int>
    </void>
    <void index="9">
     <int>1</int>
    </void>
    <void index="10">
     <int>4</int>
    </void>
    <void index="11">
     <int>3</int>
    </void>
   </array>
  </void>
 </object>
</java>
